Que  2) Write a query that counts the number of different non-NULL city values in the 
Customers table. 
    
mysql> select * from customers;
+-------+----------+----------+--------+------+
| SCnum | Cname    | City     | Rating | Snum |
+-------+----------+----------+--------+------+
|  2001 | Hoffman  | London   |    100 | 1001 |
|  2002 | Giovanni | Rome     |    200 | 1003 |
|  2003 | Liu      | San Jose |    200 | 1002 |
|  2004 | Grass    | Berlin   |    300 | 1002 |
|  2006 | Clemens  | London   |    100 | 1001 |
|  2008 | Cisneros | San Jose |    300 | 1007 |
|  2007 | Pereira  | Rome     |    100 | 1004 |
+-------+----------+----------+--------+------+
7 rows in set (0.20 sec)

mysql> select count(city) from customers where city is not null;
+-------------+
| count(city) |
+-------------+
|           7 |
+-------------+
1 row in set (0.00 sec)






