Que  4) Write a query that totals the orders for each day and places the results in 
descending order.

mysql> select * from orders;
+------+---------+------------+------+------+
| Onum | Amt     | Odate      | Cnum | Snum |
+------+---------+------------+------+------+
| 3001 |   18.69 | 1990-10-03 | 2008 | 1007 |
| 3003 |  767.19 | 1990-10-03 | 2001 | 1001 |
| 3002 | 1900.10 | 1990-10-03 | 2007 | 1004 |
| 3005 | 5160.45 | 1990-10-03 | 2003 | 1002 |
| 3006 | 1098.16 | 1990-10-03 | 2008 | 1007 |
| 3009 | 1713.23 | 1990-10-04 | 2002 | 1003 |
| 3007 |   75.75 | 1990-10-04 | 2004 | 1002 |
| 3008 | 4723.00 | 1990-10-05 | 2006 | 1001 |
| 3010 | 1309.95 | 1990-10-06 | 2004 | 1002 |
| 3011 | 9891.88 | 1990-10-06 | 2006 | 1001 |
+------+---------+------------+------+------+
10 rows in set (0.00 sec)

mmysql> select Odate,sum(Amt) as 'Total orders' from orders group by Odate
    -> order by 'Total orders' desc;
+------------+--------------+
| Odate      | Total orders |
+------------+--------------+
| 1990-10-03 |      8944.59 |
| 1990-10-04 |      1788.98 |
| 1990-10-05 |      4723.00 |
| 1990-10-06 |     11201.83 |
+------------+--------------+
4 rows in set (0.00 sec)