Que 2.
2) Write a query that produces all rows from the Customers table for which the
salespersonâ€™s number is 1001.

mysql> select * from customers;
+------+----------+----------+--------+------+
| Cnum | Cname    | City     | Rating | Snum |
+------+----------+----------+--------+------+
| 2001 | Hoffman  | London   |    100 | 1001 |
| 2002 | Giovanni | Rome     |    200 | 1003 |
| 2003 | Liu      | San Jose |    200 | 1002 |
| 2004 | Grass    | Berlin   |    300 | 1002 |
| 2006 | Clemens  | London   |    100 | 1001 |
| 2008 | Cisneros | San Jose |    300 | 1007 |
| 2007 | Pereira  | Rome     |    100 | 1004 |
+------+----------+----------+--------+------+
7 rows in set (0.00 sec)

mysql>  select * from customers where  Snum=1001;
+------+---------+--------+--------+------+
| Cnum | Cname   | City   | Rating | Snum |
+------+---------+--------+--------+------+
| 2001 | Hoffman | London |    100 | 1001 |
| 2006 | Clemens | London |    100 | 1001 |
+------+---------+--------+--------+------+
2 rows in set (0.34 sec)