Que 4) Write a query that selects all customers whose names begin with the letter ‘C’

 
mysql> select * from customers;
+-------+----------+----------+--------+------+
| SCnum | Cname    | City     | Rating | Snum |
+-------+----------+----------+--------+------+
|  2001 | Hoffman  | London   |    100 | 1001 |
|  2002 | Giovanni | Rome     |    200 | 1003 |
|  2003 | Liu      | San Jose |    200 | 1002 |
|  2004 | Grass    | Berlin   |    300 | 1002 |
|  2006 | Clemens  | London   |    100 | 1001 |
|  2008 | Cisneros | San Jose |    300 | 1007 |
|  2007 | Pereira  | Rome     |    100 | 1004 |
+-------+----------+----------+--------+------+
7 rows in set (0.03 sec)

mysql> select * from customers where Cname='C%';
Empty set (0.00 sec)

mysql> select * from customers where Cname='C%';
Empty set (0.00 sec)

mysql> select * from customers
    -> where Cname='C%';
Empty set (0.00 sec)

mysql> select * from customers where Cname like 'C%';
+-------+----------+----------+--------+------+
| SCnum | Cname    | City     | Rating | Snum |
+-------+----------+----------+--------+------+
|  2006 | Clemens  | London   |    100 | 1001 |
|  2008 | Cisneros | San Jose |    300 | 1007 |
+-------+----------+----------+--------+------+
2 rows in set (0.00 sec)
