Que 3) Write a query that will produce all the customers whose names begin with a letter
from ‘A’ to ‘G’.

 
mysql> select * from customers;
+-------+----------+----------+--------+------+
| SCnum | Cname    | City     | Rating | Snum |
+-------+----------+----------+--------+------+
|  2001 | Hoffman  | London   |    100 | 1001 |
|  2002 | Giovanni | Rome     |    200 | 1003 |
|  2003 | Liu      | San Jose |    200 | 1002 |
|  2004 | Grass    | Berlin   |    300 | 1002 |
|  2006 | Clemens  | London   |    100 | 1001 |
|  2008 | Cisneros | San Jose |    300 | 1007 |
|  2007 | Pereira  | Rome     |    100 | 1004 |
+-------+----------+----------+--------+------+
7 rows in set (0.03 sec)

mysql> select * from customers where Cname>='A%' and Cname<'H%';
+-------+----------+----------+--------+------+
| SCnum | Cname    | City     | Rating | Snum |
+-------+----------+----------+--------+------+
|  2002 | Giovanni | Rome     |    200 | 1003 |
|  2004 | Grass    | Berlin   |    300 | 1002 |
|  2006 | Clemens  | London   |    100 | 1001 |
|  2008 | Cisneros | San Jose |    300 | 1007 |
+-------+----------+----------+--------+------+
4 rows in set (0.04 sec)